{
  "x_ge": 0.15,
  "T_K": 400,
  "Step": 3750.0,
  "Temp": 387.35637156862754,
  "PotEng": -240.02470098039214,
  "KinEng": 3.154393668627451,
  "TotEng": -236.87030666666664,
  "Press": 474.6404859607843,
  "Volume": 1124.8745705882354
}