{
  "x_ge": 0.1,
  "T_K": 400,
  "Step": 3750.0,
  "Temp": 405.6543890196079,
  "PotEng": -238.3129056862745,
  "KinEng": 3.3034015411764703,
  "TotEng": -235.0095035294118,
  "Press": 280.49043174509785,
  "Volume": 1110.5743156862745
}