{
  "x_ge": 0.1,
  "T_K": 800,
  "Step": 3750.0,
  "Temp": 788.2021870588236,
  "PotEng": -234.5213956862745,
  "KinEng": 6.4186371254901955,
  "TotEng": -228.10275843137256,
  "Press": 253.15780284313738,
  "Volume": 1149.7845862745096
}