{
  "x_ge": 0.15,
  "T_K": 1100,
  "Step": 3750.0,
  "Temp": 1101.694405490196,
  "PotEng": -228.4694152941176,
  "KinEng": 8.971526221568627,
  "TotEng": -219.49788980392157,
  "Press": -258.15933607843124,
  "Volume": 1281.5563607843137
}