{
  "x_ge": 0.0,
  "T_K": 1000,
  "Step": 3750.0,
  "Temp": 1004.1068937254902,
  "PotEng": -229.16694196078427,
  "KinEng": 8.176833145098039,
  "TotEng": -220.99010843137256,
  "Press": 505.0099805882354,
  "Volume": 1152.0119568627451
}