{
  "x_ge": 0.0,
  "T_K": 850,
  "Step": 3750.0,
  "Temp": 862.4009033333332,
  "PotEng": -231.44231960784316,
  "KinEng": 7.022866143137255,
  "TotEng": -224.41945313725492,
  "Press": -518.618194117647,
  "Volume": 1129.924439215686
}