{
  "x_ge": 0.05,
  "T_K": 750,
  "Step": 3750.0,
  "Temp": 739.4391745098038,
  "PotEng": -233.7705945098039,
  "KinEng": 6.021540935294118,
  "TotEng": -227.74905372549017,
  "Press": -111.7445521568627,
  "Volume": 1131.0536862745098
}