{
  "x_ge": 0.15,
  "T_K": 600,
  "Step": 3750.0,
  "Temp": 596.2312619607842,
  "PotEng": -237.9315507843137,
  "KinEng": 4.855343178431373,
  "TotEng": -233.07620745098038,
  "Press": 596.4684182666667,
  "Volume": 1147.7475627450979
}