{
  "x_ge": 0.15,
  "T_K": 800,
  "Step": 3750.0,
  "Temp": 805.7799703921568,
  "PotEng": -235.9495635294118,
  "KinEng": 6.5617798686274496,
  "TotEng": -229.38778411764707,
  "Press": -150.9346546470591,
  "Volume": 1171.3314627450982
}