{
  "x_ge": 0.45,
  "T_K": 1200,
  "Step": 3750.0,
  "Temp": 1204.0668998039214,
  "PotEng": -239.50304862745097,
  "KinEng": 9.805185319607844,
  "TotEng": -229.6978631372549,
  "Press": 31.64878470588225,
  "Volume": 1364.3184372549017
}