{
  "x_ge": 0.35,
  "T_K": 400,
  "Step": 3750.0,
  "Temp": 403.21132392156863,
  "PotEng": -245.13597392156865,
  "KinEng": 3.2835067117647063,
  "TotEng": -241.85246843137256,
  "Press": -99.9797377647059,
  "Volume": 1175.9532843137256
}