{
  "x_ge": 0.35,
  "T_K": 1000,
  "Step": 3750.0,
  "Temp": 1006.1654674509805,
  "PotEng": -237.1225121568627,
  "KinEng": 8.193596966666666,
  "TotEng": -228.92891588235295,
  "Press": -80.43314252941164,
  "Volume": 1307.1536568627453
}