{
  "x_ge": 0.0,
  "T_K": 1200,
  "Step": 3750.0,
  "Temp": 1200.6968113725493,
  "PotEng": -220.62268588235298,
  "KinEng": 9.777741382352941,
  "TotEng": -210.84494509803923,
  "Press": 125.46304923529428,
  "Volume": 1263.944056862745
}