{
  "x_ge": 0.05,
  "T_K": 700,
  "Step": 3750.0,
  "Temp": 694.117740980392,
  "PotEng": -234.41905980392156,
  "KinEng": 5.652470868627452,
  "TotEng": -228.7665880392157,
  "Press": -404.6105127254904,
  "Volume": 1125.3332450980392
}