{
  "x_ge": 0.2,
  "T_K": 1000,
  "Step": 3750.0,
  "Temp": 993.3557576470589,
  "PotEng": -231.66262784313724,
  "KinEng": 8.089282517647058,
  "TotEng": -223.57334647058826,
  "Press": -293.46292098039237,
  "Volume": 1274.7639823529412
}