{
  "x_ge": 0.15,
  "T_K": 1200,
  "Step": 3750.0,
  "Temp": 1221.3191980392157,
  "PotEng": -227.314578627451,
  "KinEng": 9.945677492156863,
  "TotEng": -217.36890137254903,
  "Press": 118.96926164705891,
  "Volume": 1296.691537254902
}