{
  "x_ge": 0.28,
  "T_K": 1200,
  "Step": 3750.0,
  "Temp": 1184.5909260784313,
  "PotEng": -232.58098666666663,
  "KinEng": 9.646584884313727,
  "TotEng": -222.93440215686275,
  "Press": 114.62274784313728,
  "Volume": 1323.6942882352942
}