{
  "x_ge": 0.0,
  "T_K": 650,
  "Step": 3750.0,
  "Temp": 641.3483362745097,
  "PotEng": -233.67412274509806,
  "KinEng": 5.222749076470589,
  "TotEng": -228.45137294117646,
  "Press": -136.03775725490192,
  "Volume": 1106.3117823529412
}