{
  "x_ge": 0.35,
  "T_K": 1200,
  "Step": 3750.0,
  "Temp": 1211.844968627451,
  "PotEng": -235.15281647058828,
  "KinEng": 9.868525062745096,
  "TotEng": -225.2842911764706,
  "Press": -143.10336294117658,
  "Volume": 1339.197133333333
}