{
  "x_ge": 0.05,
  "T_K": 800,
  "Step": 3750.0,
  "Temp": 811.7912764705881,
  "PotEng": -232.99447,
  "KinEng": 6.610732264705882,
  "TotEng": -226.38373745098036,
  "Press": -437.7518668627449,
  "Volume": 1140.7491941176472
}