{
  "x_ge": 0.1,
  "T_K": 650,
  "Step": 3750.0,
  "Temp": 637.3879117647058,
  "PotEng": -235.96032960784314,
  "KinEng": 5.190497807843137,
  "TotEng": -230.76983117647055,
  "Press": 116.62088650980401,
  "Volume": 1134.9823941176471
}