{
  "x_ge": 0.45,
  "T_K": 850,
  "Step": 3750.0,
  "Temp": 863.317603137255,
  "PotEng": -242.83470725490196,
  "KinEng": 7.0303312019607835,
  "TotEng": -235.80437647058824,
  "Press": 112.24176156862745,
  "Volume": 1312.5531647058822
}