{
  "x_ge": 0.2,
  "T_K": 500,
  "Step": 3750.0,
  "Temp": 508.0501117647059,
  "PotEng": -240.3548096078431,
  "KinEng": 4.137249766666668,
  "TotEng": -236.21755999999996,
  "Press": -133.63254429411768,
  "Volume": 1148.4428666666668
}