{
  "x_ge": 0.28,
  "T_K": 1000,
  "Step": 3750.0,
  "Temp": 987.6480645098039,
  "PotEng": -234.55382,
  "KinEng": 8.04280253137255,
  "TotEng": -226.51101803921566,
  "Press": 402.4194023529412,
  "Volume": 1291.5247039215687
}