{
  "x_ge": 0.45,
  "T_K": 1000,
  "Step": 3750.0,
  "Temp": 1005.3170664705883,
  "PotEng": -241.55283764705877,
  "KinEng": 8.186688074509805,
  "TotEng": -233.3661492156863,
  "Press": -67.83163568627425,
  "Volume": 1331.2043529411767
}