{
  "x_ge": 0.45,
  "T_K": 400,
  "Step": 3750.0,
  "Temp": 395.6446890196079,
  "PotEng": -248.26678843137256,
  "KinEng": 3.2218886549019605,
  "TotEng": -245.04489901960787,
  "Press": 6.1403943137255865,
  "Volume": 1248.520280392157
}