{
  "x_ge": 0.2,
  "T_K": 700,
  "Step": 3750.0,
  "Temp": 687.720874117647,
  "PotEng": -238.08479921568622,
  "KinEng": 5.600378688235294,
  "TotEng": -232.4844203921569,
  "Press": 395.85466973137244,
  "Volume": 1172.7992843137254
}