{
  "x_ge": 0.45,
  "T_K": 900,
  "Step": 3750.0,
  "Temp": 889.1094884313726,
  "PotEng": -242.74711254901962,
  "KinEng": 7.240364552941177,
  "TotEng": -235.5067474509804,
  "Press": -133.4719635294115,
  "Volume": 1319.1362
}