{
  "x_ge": 0.2,
  "T_K": 400,
  "Step": 3750.0,
  "Temp": 399.1590856862746,
  "PotEng": -241.3091650980392,
  "KinEng": 3.2505077607843136,
  "TotEng": -238.05865588235292,
  "Press": 88.47930764705893,
  "Volume": 1137.7012215686273
}