{
  "x_ge": 0.28,
  "T_K": 750,
  "Step": 3750.0,
  "Temp": 750.8922215686274,
  "PotEng": -237.23908039215686,
  "KinEng": 6.114807554901961,
  "TotEng": -231.12427313725493,
  "Press": 365.6178029705883,
  "Volume": 1255.6051019607844
}