{
  "x_ge": 0.05,
  "T_K": 900,
  "Step": 3750.0,
  "Temp": 904.3857880392155,
  "PotEng": -231.72321333333335,
  "KinEng": 7.364765388235295,
  "TotEng": -224.35844764705882,
  "Press": -350.59624411764713,
  "Volume": 1153.6925901960783
}