{
  "x_ge": 0.2,
  "T_K": 900,
  "Step": 3750.0,
  "Temp": 887.0969856862747,
  "PotEng": -232.60738176470588,
  "KinEng": 7.223975952941177,
  "TotEng": -225.38340549019603,
  "Press": 110.06609545098031,
  "Volume": 1259.0496372549019
}