{
  "x_ge": 0.28,
  "T_K": 700,
  "Step": 3750.0,
  "Temp": 683.8597219607843,
  "PotEng": -237.8924737254902,
  "KinEng": 5.56893583137255,
  "TotEng": -232.3235382352941,
  "Press": 166.4058849019608,
  "Volume": 1248.016594117647
}