{
  "x_ge": 0.0,
  "T_K": 750,
  "Step": 3750.0,
  "Temp": 734.8573205882352,
  "PotEng": -232.49584529411763,
  "KinEng": 5.984229123529413,
  "TotEng": -226.51161666666667,
  "Press": 141.66524450980395,
  "Volume": 1117.5588313725489
}