{
  "x_ge": 0.1,
  "T_K": 850,
  "Step": 3750.0,
  "Temp": 851.0409696078432,
  "PotEng": -233.88038039215687,
  "KinEng": 6.930357788235294,
  "TotEng": -226.95002215686273,
  "Press": -456.6150192156861,
  "Volume": 1158.4280470588237
}