{
  "x_ge": 0.45,
  "T_K": 600,
  "Step": 3750.0,
  "Temp": 611.1180576470589,
  "PotEng": -245.63281098039215,
  "KinEng": 4.976572149019607,
  "TotEng": -240.656238627451,
  "Press": -99.0940678235294,
  "Volume": 1276.3234901960782
}