{
  "x_ge": 0.25,
  "T_K": 850,
  "Step": 3750.0,
  "Temp": 831.8946792156862,
  "PotEng": -235.1414668627451,
  "KinEng": 6.774442103921567,
  "TotEng": -228.3670237254902,
  "Press": 31.966605470588306,
  "Volume": 1261.0051862745097
}