{
  "x_ge": 0.1,
  "T_K": 500,
  "Step": 3750.0,
  "Temp": 508.7237915686274,
  "PotEng": -237.48267352941173,
  "KinEng": 4.142735794117647,
  "TotEng": -233.33993725490194,
  "Press": -187.19753115686274,
  "Volume": 1119.6250352941177
}