{
  "x_ge": 0.45,
  "T_K": 800,
  "Step": 3750.0,
  "Temp": 782.7842050980394,
  "PotEng": -243.23290803921572,
  "KinEng": 6.37451638627451,
  "TotEng": -236.85839176470586,
  "Press": 385.9930637254902,
  "Volume": 1303.4390705882354
}