{
  "x_ge": 0.25,
  "T_K": 1000,
  "Step": 3750.0,
  "Temp": 991.050915098039,
  "PotEng": -233.14125411764704,
  "KinEng": 8.070513278431372,
  "TotEng": -225.0707409803922,
  "Press": 239.21183618431385,
  "Volume": 1289.218725490196
}