{
  "x_ge": 0.25,
  "T_K": 500,
  "Step": 3750.0,
  "Temp": 503.70697274509797,
  "PotEng": -241.64365568627457,
  "KinEng": 4.101881888235295,
  "TotEng": -237.54177411764707,
  "Press": 114.9180350392157,
  "Volume": 1159.7548156862747
}