{
  "x_ge": 0.25,
  "T_K": 750,
  "Step": 3750.0,
  "Temp": 755.9773145098042,
  "PotEng": -237.00628647058824,
  "KinEng": 6.156217454901961,
  "TotEng": -230.85006882352943,
  "Press": -226.941333137255,
  "Volume": 1233.1851235294118
}