{
  "x_ge": 0.05,
  "T_K": 1000,
  "Step": 3750.0,
  "Temp": 1016.1664333333332,
  "PotEng": -230.3419158823529,
  "KinEng": 8.27503867254902,
  "TotEng": -222.06687725490198,
  "Press": 33.87458235294138,
  "Volume": 1168.353262745098
}