{
  "x_ge": 0.15,
  "T_K": 850,
  "Step": 3750.0,
  "Temp": 850.8605419607843,
  "PotEng": -234.82058215686274,
  "KinEng": 6.92888847647059,
  "TotEng": -227.89169274509806,
  "Press": 58.60814156862765,
  "Volume": 1185.3792725490196
}