{
  "x_ge": 0.45,
  "T_K": 750,
  "Step": 3750.0,
  "Temp": 739.1241600000001,
  "PotEng": -244.3145111764706,
  "KinEng": 6.01897565882353,
  "TotEng": -238.29553647058825,
  "Press": 44.81123000000008,
  "Volume": 1292.945068627451
}