{
  "x_ge": 0.28,
  "T_K": 1100,
  "Step": 3750.0,
  "Temp": 1111.0409488235293,
  "PotEng": -233.7166437254902,
  "KinEng": 9.047638762745098,
  "TotEng": -224.6690049019608,
  "Press": -348.97227568627477,
  "Volume": 1305.0596960784314
}