{
  "x_ge": 0.25,
  "T_K": 600,
  "Step": 3750.0,
  "Temp": 602.4589617647058,
  "PotEng": -240.6235539215686,
  "KinEng": 4.906057760784313,
  "TotEng": -235.71749607843134,
  "Press": -181.40691450980398,
  "Volume": 1171.7643980392156
}