{
  "x_ge": 0.15,
  "T_K": 700,
  "Step": 3750.0,
  "Temp": 698.4704856862746,
  "PotEng": -237.04306588235295,
  "KinEng": 5.687916966666667,
  "TotEng": -231.3551492156863,
  "Press": -6.256725568627474,
  "Volume": 1158.6285274509805
}