{
  "x_ge": 0.0,
  "T_K": 500,
  "Step": 3750.0,
  "Temp": 513.3312768627451,
  "PotEng": -235.02871803921573,
  "KinEng": 4.1802563431372555,
  "TotEng": -230.84846117647058,
  "Press": -101.17906931372544,
  "Volume": 1092.9616254901962
}