{
  "x_ge": 0.05,
  "T_K": 1100,
  "Step": 3750.0,
  "Temp": 1118.1970680392155,
  "PotEng": -223.49917294117645,
  "KinEng": 9.10591389019608,
  "TotEng": -214.3932596078431,
  "Press": 78.0240176470584,
  "Volume": 1263.5393470588235
}