{
  "x_ge": 0.35,
  "T_K": 750,
  "Step": 3750.0,
  "Temp": 750.4037374509804,
  "PotEng": -239.7263676470588,
  "KinEng": 6.11082964117647,
  "TotEng": -233.61553784313722,
  "Press": -55.05776176470598,
  "Volume": 1271.6618607843138
}