{
  "x_ge": 0.05,
  "T_K": 400,
  "Step": 3750.0,
  "Temp": 389.31079803921574,
  "PotEng": -237.24451098039216,
  "KinEng": 3.170309325490196,
  "TotEng": -234.07420215686275,
  "Press": 147.27473921568622,
  "Volume": 1096.0119019607841
}