{
  "x_ge": 0.28,
  "T_K": 800,
  "Step": 3750.0,
  "Temp": 814.7158737254902,
  "PotEng": -237.00198352941175,
  "KinEng": 6.634548405882352,
  "TotEng": -230.3674349019608,
  "Press": -203.29045941176463,
  "Volume": 1261.4661901960783
}