{
  "x_ge": 0.05,
  "T_K": 600,
  "Step": 3750.0,
  "Temp": 600.178085882353,
  "PotEng": -235.4144070588235,
  "KinEng": 4.887483703921569,
  "TotEng": -230.52692372549018,
  "Press": -282.113419607843,
  "Volume": 1115.0113039215685
}