{
  "x_ge": 0.2,
  "T_K": 800,
  "Step": 3750.0,
  "Temp": 797.7343217647057,
  "PotEng": -234.0287747058824,
  "KinEng": 6.496261007843137,
  "TotEng": -227.5325137254902,
  "Press": -350.32433901960786,
  "Volume": 1240.7328607843137
}