{
  "x_ge": 0.25,
  "T_K": 800,
  "Step": 3750.0,
  "Temp": 808.2405841176471,
  "PotEng": -235.35500039215685,
  "KinEng": 6.581817596078431,
  "TotEng": -228.77318294117646,
  "Press": -159.2985870588235,
  "Volume": 1258.5076588235295
}