{
  "x_ge": 0.05,
  "T_K": 500,
  "Step": 3750.0,
  "Temp": 490.2888062745098,
  "PotEng": -236.3434835294118,
  "KinEng": 3.9926125450980385,
  "TotEng": -232.35087098039216,
  "Press": 161.50108356862728,
  "Volume": 1105.1444411764708
}