{
  "x_ge": 0.2,
  "T_K": 600,
  "Step": 3750.0,
  "Temp": 604.8581270588236,
  "PotEng": -239.35863921568628,
  "KinEng": 4.925595101960784,
  "TotEng": -234.43304411764703,
  "Press": -238.07942803921563,
  "Volume": 1159.8824372549018
}