{
  "x_ge": 0.2,
  "T_K": 1100,
  "Step": 3750.0,
  "Temp": 1118.5652511764706,
  "PotEng": -230.3335650980392,
  "KinEng": 9.108912060784315,
  "TotEng": -221.22465333333332,
  "Press": -239.20814137254894,
  "Volume": 1292.3390843137254
}