{
  "x_ge": 0.1,
  "T_K": 1100,
  "Step": 3750.0,
  "Temp": 1125.1510043137255,
  "PotEng": -225.62830784313726,
  "KinEng": 9.162542445098039,
  "TotEng": -216.4657649019608,
  "Press": -759.875552352941,
  "Volume": 1271.8990137254902
}