{
  "x_ge": 0.25,
  "T_K": 400,
  "Step": 3750.0,
  "Temp": 407.4031605882353,
  "PotEng": -242.58606607843132,
  "KinEng": 3.317642476470588,
  "TotEng": -239.26842372549018,
  "Press": -11.555051960784372,
  "Volume": 1149.0776196078432
}