{
  "x_ge": 0.35,
  "T_K": 1100,
  "Step": 3750.0,
  "Temp": 1108.3675454901959,
  "PotEng": -236.09509803921569,
  "KinEng": 9.025868219607842,
  "TotEng": -227.06923019607848,
  "Press": 152.8873884980391,
  "Volume": 1320.7817705882355
}