{
  "x_ge": 0.25,
  "T_K": 700,
  "Step": 3750.0,
  "Temp": 689.4016305882352,
  "PotEng": -239.27391411764705,
  "KinEng": 5.614065747058825,
  "TotEng": -233.65984784313733,
  "Press": -18.477385784313693,
  "Volume": 1189.5296215686274
}