{
  "x_ge": 0.45,
  "T_K": 700,
  "Step": 3750.0,
  "Temp": 705.9423452941177,
  "PotEng": -244.82880176470587,
  "KinEng": 5.748763225490197,
  "TotEng": -239.08003862745096,
  "Press": -294.3766172549018,
  "Volume": 1283.2058588235295
}