{
  "x_ge": 0.35,
  "T_K": 700,
  "Step": 3750.0,
  "Temp": 699.252462352941,
  "PotEng": -240.36891588235295,
  "KinEng": 5.694284907843137,
  "TotEng": -234.67463117647063,
  "Press": 240.2656125490196,
  "Volume": 1260.8692
}