{
  "x_ge": 0.05,
  "T_K": 850,
  "Step": 3750.0,
  "Temp": 835.3493217647059,
  "PotEng": -232.44382235294117,
  "KinEng": 6.802574598039216,
  "TotEng": -225.64124784313728,
  "Press": 461.76065862745077,
  "Volume": 1143.9374352941177
}