{
  "x_ge": 0.45,
  "T_K": 1100,
  "Step": 3750.0,
  "Temp": 1099.1702266666668,
  "PotEng": -240.56924333333328,
  "KinEng": 8.95097086862745,
  "TotEng": -231.61827235294118,
  "Press": 9.748871372549106,
  "Volume": 1346.9146098039214
}