{
  "x_ge": 0.35,
  "T_K": 800,
  "Step": 3750.0,
  "Temp": 817.8155954901962,
  "PotEng": -239.32212058823526,
  "KinEng": 6.659790641176471,
  "TotEng": -232.66233019607844,
  "Press": -227.59993629411767,
  "Volume": 1278.7242039215687
}