{
  "x_ge": 0.1,
  "T_K": 1200,
  "Step": 3750.0,
  "Temp": 1192.9329647058823,
  "PotEng": -224.26448117647058,
  "KinEng": 9.714517341176471,
  "TotEng": -214.5499643137255,
  "Press": 398.0702138627452,
  "Volume": 1289.9763529411766
}