{
  "x_ge": 0.0,
  "T_K": 700,
  "Step": 3750.0,
  "Temp": 684.2935552941177,
  "PotEng": -233.0607256862745,
  "KinEng": 5.572468703921568,
  "TotEng": -227.48825627450984,
  "Press": 391.3162907843137,
  "Volume": 1111.4079450980394
}