{
  "x_ge": 0.25,
  "T_K": 1100,
  "Step": 3750.0,
  "Temp": 1114.9235266666667,
  "PotEng": -232.33350921568626,
  "KinEng": 9.07925615098039,
  "TotEng": -223.25425215686275,
  "Press": -537.7006804117648,
  "Volume": 1303.5172215686273
}