{
  "x_ge": 0.1,
  "T_K": 700,
  "Step": 3750.0,
  "Temp": 691.2320076470589,
  "PotEng": -235.5958694117647,
  "KinEng": 5.6289712137254915,
  "TotEng": -229.96689745098038,
  "Press": 424.94413882352933,
  "Volume": 1138.9621156862745
}