{
  "x_ge": 0.15,
  "T_K": 900,
  "Step": 3750.0,
  "Temp": 887.5816719607843,
  "PotEng": -230.62967823529414,
  "KinEng": 7.227922943137255,
  "TotEng": -223.40175568627453,
  "Press": 148.0532511764707,
  "Volume": 1251.8131411764705
}