{
  "x_ge": 0.05,
  "T_K": 650,
  "Step": 3750.0,
  "Temp": 640.734615882353,
  "PotEng": -234.87022843137257,
  "KinEng": 5.217751315686274,
  "TotEng": -229.65247686274512,
  "Press": 147.18746533333345,
  "Volume": 1119.9175470588236
}