{
  "x_ge": 0.25,
  "T_K": 900,
  "Step": 3750.0,
  "Temp": 879.9205931372547,
  "PotEng": -234.5627652941176,
  "KinEng": 7.165535788235295,
  "TotEng": -227.3972280392157,
  "Press": 358.72104386274515,
  "Volume": 1269.292831372549
}