{
  "x_ge": 0.0,
  "T_K": 600,
  "Step": 3750.0,
  "Temp": 611.9229829411765,
  "PotEng": -234.02005882352944,
  "KinEng": 4.983126962745098,
  "TotEng": -229.03693156862747,
  "Press": 33.62933980392154,
  "Volume": 1102.7041215686274
}