{
  "x_ge": 0.1,
  "T_K": 600,
  "Step": 3750.0,
  "Temp": 605.6394292156864,
  "PotEng": -236.55684254901965,
  "KinEng": 4.931957552941177,
  "TotEng": -231.62488529411763,
  "Press": -209.8382978431372,
  "Volume": 1129.6053941176472
}