{
  "x_ge": 0.28,
  "T_K": 600,
  "Step": 3750.0,
  "Temp": 587.2549607843138,
  "PotEng": -241.44472156862744,
  "KinEng": 4.782245662745098,
  "TotEng": -236.6624766666667,
  "Press": 57.77399274509801,
  "Volume": 1181.4807215686274
}