{
  "x_ge": 0.1,
  "T_K": 900,
  "Step": 3750.0,
  "Temp": 894.4334592156863,
  "PotEng": -232.7646564705882,
  "KinEng": 7.283719717647059,
  "TotEng": -225.48093686274515,
  "Press": 44.70611000000014,
  "Volume": 1170.335231372549
}