{
  "x_ge": 0.45,
  "T_K": 500,
  "Step": 3750.0,
  "Temp": 493.0099219607843,
  "PotEng": -246.67514274509801,
  "KinEng": 4.014771635294117,
  "TotEng": -242.66037196078432,
  "Press": 5.954383882353118,
  "Volume": 1265.1815274509804
}