{
  "x_ge": 0.28,
  "T_K": 850,
  "Step": 3750.0,
  "Temp": 853.6481086274512,
  "PotEng": -236.08138666666665,
  "KinEng": 6.951588727450982,
  "TotEng": -229.12979843137256,
  "Press": -90.19696009803924,
  "Volume": 1273.4519274509803
}