{
  "x_ge": 0.0,
  "T_K": 800,
  "Step": 3750.0,
  "Temp": 793.4708011764707,
  "PotEng": -231.95353313725485,
  "KinEng": 6.461541501960785,
  "TotEng": -225.49199176470586,
  "Press": 333.57909803921575,
  "Volume": 1122.4126647058822
}