{
  "x_ge": 0.28,
  "T_K": 400,
  "Step": 3750.0,
  "Temp": 398.2210835294117,
  "PotEng": -243.51218803921566,
  "KinEng": 3.242869249019608,
  "TotEng": -240.26932000000008,
  "Press": -230.59699754901956,
  "Volume": 1161.5549843137255
}