{
  "x_ge": 0.1,
  "T_K": 750,
  "Step": 3750.0,
  "Temp": 742.7437062745099,
  "PotEng": -234.9134845098039,
  "KinEng": 6.048451025490197,
  "TotEng": -228.86503411764704,
  "Press": 73.96038431372547,
  "Volume": 1145.9006921568628
}