{
  "x_ge": 0.35,
  "T_K": 500,
  "Step": 3750.0,
  "Temp": 490.61642490196084,
  "PotEng": -244.13950000000003,
  "KinEng": 3.9952804686274503,
  "TotEng": -240.14422000000002,
  "Press": 194.4689045686274,
  "Volume": 1186.9627843137257
}