{
  "x_ge": 0.15,
  "T_K": 650,
  "Step": 3750.0,
  "Temp": 655.133913529412,
  "PotEng": -237.54741803921567,
  "KinEng": 5.335010401960784,
  "TotEng": -232.21240764705885,
  "Press": -138.7674254901961,
  "Volume": 1152.2051294117646
}