{
  "x_ge": 0.0,
  "T_K": 900,
  "Step": 3750.0,
  "Temp": 880.4444133333332,
  "PotEng": -230.82921980392155,
  "KinEng": 7.16980146862745,
  "TotEng": -223.6594182352941,
  "Press": 480.3193437254903,
  "Volume": 1133.631917647059
}