{
  "x_ge": 0.2,
  "T_K": 850,
  "Step": 3750.0,
  "Temp": 854.720801372549,
  "PotEng": -232.83863274509807,
  "KinEng": 6.960324076470588,
  "TotEng": -225.87830784313726,
  "Press": 201.20251117647044,
  "Volume": 1256.9420647058826
}