{
  "x_ge": 0.15,
  "T_K": 500,
  "Step": 3750.0,
  "Temp": 495.53773509803915,
  "PotEng": -239.05562392156864,
  "KinEng": 4.03535661372549,
  "TotEng": -235.02026705882358,
  "Press": 190.33988627451,
  "Volume": 1135.6575921568628
}