{
  "x_ge": 0.28,
  "T_K": 500,
  "Step": 3750.0,
  "Temp": 495.5537815686276,
  "PotEng": -242.3504023529412,
  "KinEng": 4.0354872901960785,
  "TotEng": -238.3149139215686,
  "Press": 205.46020545098042,
  "Volume": 1168.9973372549018
}