{
  "x_ge": 0.35,
  "T_K": 600,
  "Step": 3750.0,
  "Temp": 603.8768186274509,
  "PotEng": -241.19082411764705,
  "KinEng": 4.917603923529412,
  "TotEng": -236.27322,
  "Press": 96.65813978431363,
  "Volume": 1251.7057666666667
}