{
  "x_ge": 0.15,
  "T_K": 1000,
  "Step": 3750.0,
  "Temp": 986.2296147058823,
  "PotEng": -229.34612647058822,
  "KinEng": 8.031251505882354,
  "TotEng": -221.31487509803924,
  "Press": 645.2997296274514,
  "Volume": 1266.6548235294117
}