{
  "x_ge": 0.15,
  "T_K": 850,
  "Step": 0.0,
  "Temp": 850.0,
  "PotEng": -243.09481,
  "KinEng": 6.9218808,
  "TotEng": -236.17293,
  "Press": 22302.928,
  "Volume": 1062.882
}