{
  "x_ge": 0.35,
  "T_K": 900,
  "Step": 3750.0,
  "Temp": 882.0606647058822,
  "PotEng": -238.08733784313725,
  "KinEng": 7.182963241176469,
  "TotEng": -230.90437568627453,
  "Press": 39.58373313725471,
  "Volume": 1295.0046431372548
}