{
  "x_ge": 0.15,
  "T_K": 750,
  "Step": 3750.0,
  "Temp": 768.3553950980393,
  "PotEng": -236.38860117647056,
  "KinEng": 6.25701697254902,
  "TotEng": -230.13158333333334,
  "Press": -102.2357166666668,
  "Volume": 1165.6221588235294
}