{
  "x_ge": 0.0,
  "T_K": 400,
  "Step": 3750.0,
  "Temp": 392.1133125490196,
  "PotEng": -236.17295882352943,
  "KinEng": 3.1931312901960784,
  "TotEng": -232.97982725490198,
  "Press": -220.29667378431367,
  "Volume": 1082.1084039215687
}