{
  "x_ge": 0.25,
  "T_K": 650,
  "Step": 3750.0,
  "Temp": 643.1194260784314,
  "PotEng": -240.1466088235294,
  "KinEng": 5.2371717411764696,
  "TotEng": -234.90943725490195,
  "Press": -42.99081607843131,
  "Volume": 1177.3929901960785
}