{
  "x_ge": 0.45,
  "T_K": 650,
  "Step": 3750.0,
  "Temp": 654.4967694117647,
  "PotEng": -245.17744509803921,
  "KinEng": 5.32982188627451,
  "TotEng": -239.8476225490196,
  "Press": -132.60189666666656,
  "Volume": 1283.5598921568628
}