{
  "x_ge": 0.2,
  "T_K": 1200,
  "Step": 3750.0,
  "Temp": 1210.5360849019607,
  "PotEng": -229.13175784313728,
  "KinEng": 9.857866464705882,
  "TotEng": -219.27389078431375,
  "Press": 205.55768466666686,
  "Volume": 1312.000380392157
}