{
  "x_ge": 0.0,
  "T_K": 1100,
  "Step": 3750.0,
  "Temp": 1100.269093333333,
  "PotEng": -228.16247294117645,
  "KinEng": 8.959919315686275,
  "TotEng": -219.2025539215686,
  "Press": -42.666447254902224,
  "Volume": 1163.963468627451
}