{
  "x_ge": 0.35,
  "T_K": 650,
  "Step": 3750.0,
  "Temp": 649.5689739215686,
  "PotEng": -241.02047980392157,
  "KinEng": 5.289692929411764,
  "TotEng": -235.73078764705883,
  "Press": 183.02180784313717,
  "Volume": 1250.3416745098039
}