{
  "x_ge": 0.28,
  "T_K": 900,
  "Step": 3750.0,
  "Temp": 915.664077254902,
  "PotEng": -235.54987588235292,
  "KinEng": 7.456608925490196,
  "TotEng": -228.09326588235294,
  "Press": -331.12531647058825,
  "Volume": 1282.7025078431373
}