{
  "x_ge": 0.05,
  "T_K": 1200,
  "Step": 3750.0,
  "Temp": 1219.3417392156864,
  "PotEng": -222.09788901960786,
  "KinEng": 9.929574294117648,
  "TotEng": -212.16831470588235,
  "Press": -211.18700630392166,
  "Volume": 1282.8477098039216
}