{
  "x_ge": 0.25,
  "T_K": 1200,
  "Step": 3750.0,
  "Temp": 1204.027974509804,
  "PotEng": -231.11232803921567,
  "KinEng": 9.804868362745099,
  "TotEng": -221.30745862745098,
  "Press": -77.8144264705884,
  "Volume": 1324.2820137254903
}