{
  "x_ge": 0.2,
  "T_K": 750,
  "Step": 3750.0,
  "Temp": 752.181138627451,
  "PotEng": -237.5709750980392,
  "KinEng": 6.125303707843137,
  "TotEng": -231.44567196078432,
  "Press": -280.1520234313726,
  "Volume": 1180.358905882353
}