{
  "x_ge": 0.2,
  "T_K": 650,
  "Step": 3750.0,
  "Temp": 660.987488235294,
  "PotEng": -238.86892784313724,
  "KinEng": 5.38267832745098,
  "TotEng": -233.48624921568629,
  "Press": 66.66369215686272,
  "Volume": 1164.8160607843138
}