{
  "x_ge": 0.1,
  "T_K": 1000,
  "Step": 3750.0,
  "Temp": 1008.8796384313727,
  "PotEng": -226.98095098039215,
  "KinEng": 8.21569948627451,
  "TotEng": -218.76525215686277,
  "Press": 176.2031266666668,
  "Volume": 1252.723280392157
}