{
  "x_ge": 0.35,
  "T_K": 850,
  "Step": 3750.0,
  "Temp": 855.8914196078431,
  "PotEng": -238.84492921568628,
  "KinEng": 6.969856886274511,
  "TotEng": -231.87507215686273,
  "Press": -189.9627707843138,
  "Volume": 1284.0645960784316
}