{
  "x_ge": 0.28,
  "T_K": 650,
  "Step": 3750.0,
  "Temp": 641.7086321568628,
  "PotEng": -240.7793962745098,
  "KinEng": 5.225683101960784,
  "TotEng": -235.5537137254902,
  "Press": 94.23058431372537,
  "Volume": 1188.9363431372549
}